<?xml version="1.0" encoding="UTF-8"?>
<project-private xmlns="http://www.netbeans.org/ns/project-private/1">
    <editor-bookmarks xmlns="http://www.netbeans.org/ns/editor-bookmarks/2" lastBookmarkId="0"/>
    <open-files xmlns="http://www.netbeans.org/ns/projectui-open-files/2">
        <group>
            <file>file:/C:/Users/dhruv/Documents/coe528/groupProjectCOE528/src/groupprojectcoe528/ownerCustomersScreen.java</file>
            <file>file:/C:/Users/dhruv/Documents/coe528/groupProjectCOE528/src/groupprojectcoe528/GroupProjectCOE528.java</file>
            <file>file:/C:/Users/dhruv/Documents/coe528/groupProjectCOE528/src/groupprojectcoe528/customerCostScreen.java</file>
            <file>file:/C:/Users/dhruv/Documents/coe528/groupProjectCOE528/src/groupprojectcoe528/customerStartScreen.java</file>
            <file>file:/C:/Users/dhruv/Documents/coe528/groupProjectCOE528/src/groupprojectcoe528/ownerBooksScreen.java</file>
        </group>
    </open-files>
</project-private>
